<?xml version="1.0" encoding="UTF-8" ?>
<!DOCTYPE mapper
        PUBLIC "-//mybatis.org//DTD Mapper 3.0//EN"
        "http://mybatis.org/dtd/mybatis-3-mapper.dtd">
<mapper namespace="com.example.demo.mapper.dataMapper">

    <select id="queryDataById" resultType="com.example.demo.entity.data">
        select * from information where InformationNo=#{id}
    </select>
    <select id="queryAll" resultType="com.example.demo.entity.data">
        select * from information where TeacherNo=#{id}
    </select>

    <insert id="insertData" parameterType="com.example.demo.entity.data">
        insert into information values (#{InformationName},#{InformationRoad},#{TeacherNo})
    </insert>

    <delete id="deleteData" parameterType="com.example.demo.entity.data">
        delete from information where InformationNo=#{id}
    </delete>

</mapper>