<?xml version="1.0" encoding="UTF-8" ?>
<!DOCTYPE mapper
        PUBLIC "-//mybatis.org//DTD Mapper 3.0//EN"
        "http://mybatis.org/dtd/mybatis-3-mapper.dtd">
<mapper namespace="com.example.demo.mapper.courseMapper">

    <insert id="insert" parameterType="map">
        insert into homework_submit(StudentNo,TeacherScore) values (#{StudentNo},#{TeacherScore})
    </insert>

    <delete id="delete" parameterType="com.example.demo.entity.score">
        delete from homework_submit where StudentNo=#{StudentNo}
    </delete>

    <update id="update" parameterType="com.example.demo.entity.score">
        update homework_submit
        <set>
            <if test="TeacherScore != null">TeacherScore=#{TeacherScore},</if>
        </set>
        where StudentNo=#{StudentNo}
    </update>


</mapper>